;Err_sinus;Err_exog;Err_exog_filter;Err_filter_noreg;Err_filter_exog_filter;Err_LinReg;Err_LinReg_filter
count;670.0;670.0;670.0;670.0;670.0;670.0;670.0
mean;4961.778942081694;5048.2007999900625;5020.0879337180395;4655.802518291642;4785.819266938247;5061.7760858928295;5070.066213055094
std;4728.300130665733;4680.278773300759;4651.604115548287;4492.621677541181;4689.468353666267;3554.876083799914;3530.9169769743944
min;18.923789715867315;6.2911659257806605;16.620599194568058;12.020670143225288;5.721637740651204;23.88377298807609;35.34636121647782
25%;1475.2333985855585;1564.805541525955;1515.3854041781724;1307.0080122869567;1248.158648074821;2159.0566517435855;2139.1107456463415
50%;3141.218507493715;3529.516478175221;3423.7305057067824;3051.707997939906;3163.128429742137;4407.319189847876;4395.699115266409
75%;7519.986167525423;7342.064310143578;7284.628061061914;6463.804892472121;6910.505890337254;7286.241107965652;7385.418664004765
max;26158.241279472626;25041.94783573944;25569.382108827253;21845.80490171921;24379.42493104327;15222.399661899282;15266.071669713325
