;Err_sinus;Err_exog;Err_exog_filter;Err_filter_noreg;Err_filter_exog_filter;Err_LinReg;Err_LinReg_filter
count;670.0;670.0;670.0;670.0;670.0;670.0;670.0
mean;424.65876012487485;387.2422903301925;387.2422903301925;440.4863539094399;401.4413354128349;333.12713971174634;333.1248170916851
std;338.77004059111937;296.45464303990127;296.45464303990127;348.70985627072;305.3543519450808;243.0690036224401;243.07179251383639
min;2.97000887050019;0.16020048276373267;0.16020048276373267;0.041001504699346776;0.14784628701769625;0.9582952398499742;0.958906905346895
25%;163.65239100974023;163.81860375553745;163.81860375553745;154.99737463376158;168.12028782343708;135.8349189936759;135.80987047282048
50%;332.10982515565524;320.06648010316394;320.06648010316394;371.8108481838894;337.1919330698355;293.96640263384893;293.94846961237
75%;625.9256460891893;534.3858804317827;534.3858804317827;619.595687952306;563.6426720610968;480.4791590556618;480.4843163292669
max;1764.749705429748;1545.3654331001378;1545.3654331001378;1798.6224705102532;1616.2355966418759;1139.1465129156918;1139.1482627035984
