;Err_bal_pred;Err_bal_reconst_th;Err_bal_reconst_noth
count;670.0;670.0;670.0
mean;-641.6489861084333;2303.36457620265;-1923.4282996956363
std;2935.263446146785;6823.63920692421;7492.128086339222
min;-9292.431075727432;-22840.858552787686;-26218.93031204695
25%;-2603.049482581495;-2038.3579120379325;-6665.1197291949065
50%;-577.157952571562;2569.557846926125;-1482.0272981345722
75%;1467.8418373074342;6957.685265198309;3508.254769270701
max;8802.78407794087;21509.45539206133;18746.770206876146
