;Err_sinus;Err_exog;Err_exog_filter;Err_filter_noreg;Err_filter_exog_filter;Err_LinReg;Err_LinReg_filter
count;5360.0;5360.0;5360.0;5360.0;5360.0;5360.0;5360.0
mean;4109.909353235946;4151.556552969708;4105.861143648216;3987.6948346688523;3982.1920448870314;2828.1620402193334;2833.0347313366333
std;3173.6770624162145;3225.3319327024224;3194.2990800652497;3037.3118571923583;3034.191739268929;2136.0989422552434;2161.0651291199433
min;0.9932974753010058;1.5615852183536845;0.5295022883110505;1.0345099913647573;0.1100347357460123;0.4806678538916458;1.146680277044652
25%;1554.9444469653065;1546.1442627706604;1529.1163715023945;1532.9726984426402;1520.206300532192;1141.5139844356802;1153.2993763810762
50%;3417.6301248643995;3422.365117626382;3400.024030293378;3306.8991143592057;3295.4906339464696;2377.499052522168;2365.009309856705
75%;5936.449381917735;6056.400883134696;5960.077629491881;5853.248982488938;5824.538350607123;4020.4218121645586;4042.584214332579
max;16307.262100710204;17663.851968239862;16256.11640099805;16961.82769760554;17329.860440362332;15313.798457859972;15593.393882117562
