;Err_sinus;Err_exog;Err_exog_filter;Err_filter_noreg;Err_filter_exog_filter;Err_LinReg;Err_LinReg_filter
count;5360.0;5360.0;5360.0;5360.0;5360.0;5360.0;5360.0
mean;1281.9561025808086;1280.6919145241513;1280.6879988648657;1368.8963653669575;1368.6061937541556;1691.8930502846708;1692.3539344488597
std;1400.223762275389;1392.826602009198;1392.832743672074;1330.9961453555084;1329.5800453877941;1119.565732537703;1118.8430569352288
min;0.0016914142532570868;0.07326758246214815;0.06140940908264725;0.26278973628658064;0.211815813431483;0.24328288720099034;1.6843332989439923
25%;79.93351199848364;86.64847721445736;86.60257763639157;276.42657261281136;277.41981016660486;856.3595437575271;857.1116064120654
50%;715.4191620692486;715.0315886164062;715.0632905395281;823.2172553171051;827.137099596827;1522.4564135812689;1523.802089172739
75%;2178.7374198874163;2169.0538307738616;2168.9266971958828;2229.583265390971;2223.9642066640317;2204.944118805921;2203.413259035967
max;6520.598489144681;6485.123526243174;6485.019677404659;6337.968289001421;6336.181938570086;6498.792561557993;6495.050436012959
