;Err_sinus;Err_exog;Err_exog_filter;Err_filter_noreg;Err_filter_exog_filter;Err_LinReg;Err_LinReg_filter
count;5360.0;5360.0;5360.0;5360.0;5360.0;5360.0;5360.0
mean;6013.438265419827;6142.650396429404;6185.236567158498;5641.889345460599;5855.29365606356;7429.970556149188;7423.542374499297
std;5296.848785126411;5366.287927918671;5366.941473520786;4902.289141926602;5011.12370062752;5261.9163580676395;5270.4301542916755
min;1.4748715061068651;1.132302864047233;0.01905718958005309;1.2371648828557227;0.4053908501737169;1.8462768487588619;0.03195558970037382
25%;1910.6764892769334;2020.3399786248938;2048.25175447123;1936.3214678947024;2079.983699849541;3165.82671328829;3084.057921960153
50%;4483.259804164505;4498.261786676492;4585.171647325034;4201.379450072207;4545.047520520049;6512.303038923106;6473.742794518574
75%;8671.927842658792;9070.965384770376;9058.466977793496;8073.102224857617;8475.75095320561;10858.407629950161;10840.142286933233
max;28885.08196681211;28874.67498058206;29839.671292682644;30607.294977981437;32079.56798776808;25759.72080044118;25693.477438224625
