;Err_bal_pred;Err_bal_reconst_th;Err_bal_reconst_noth
count;5360.0;5360.0;5360.0
mean;2828.1620402193334;5919.604828279045;6353.77588612144
std;2136.098942255243;4588.91184234613;5294.538758156246
min;0.48066785389119104;0.745679775471217;2.6948520999621906
25%;1141.5139844356802;2366.3516769878092;2390.0659429530538
50%;2377.499052522167;4893.105116005841;4993.388684722633
75%;4020.4218121645586;8309.352698110251;8688.472032053814
max;15313.798457859972;29263.954939439685;30019.641483283216
