;Err_exog;Err_noreg;Err_LinReg
count;96.0;96.0;96.0
mean;1609.3720765845671;1562.2781703684698;505.30058318963194
std;1319.9336378816813;1412.8246153054647;381.19533857401484
min;30.23646430123199;6.241129699218892;3.4215265389153275
25%;571.496119230492;469.10772990167544;188.58911673041354
50%;1180.2555546937838;1060.3309861576067;402.91859078232665
75%;2318.416245701955;2309.4046092720228;699.7041047138839
max;5953.108313054995;6019.002906764135;1771.5151389134217
