;Err_bal_pred;Err_bal_reconst_th;Err_bal_reconst_noth
count;96.0;96.0;96.0
mean;1380.103415269563;4738.376207222692;5020.180641738792
std;1157.4187302814219;3528.7952774107853;3976.6896172885895
min;22.38218488111079;10.232791929698578;6.75441495954874
25%;586.9977193550261;1564.2594091093192;1896.378067520261
50%;1135.4676568660846;4360.039216228377;3796.9365438967097
75%;1725.3946632506158;6614.21392630692;7686.27137373839
max;5813.929722816467;13897.493179545376;16858.41822031535
