;Err_sinus;Err_exog;Err_exog_filter;Err_filter_noreg;Err_filter_exog_filter;Err_LinReg;Err_LinReg_filter
count;5360.0;5360.0;5360.0;5360.0;5360.0;5360.0;5360.0
mean;2911.169907336759;2826.7395644429416;2847.921585012079;2930.240038455705;2865.486676720349;1530.2059783447917;1530.136952573428
std;2594.516329131805;2495.2808988331644;2540.2229323213046;2587.5386578062735;2537.7967128959026;1161.5517874423447;1161.5293859843052
min;0.845849418906709;0.0638698012043684;0.9480278453339084;0.20272258872545945;0.5201149013182167;0.5838179101855733;0.2219536915678716
25%;902.3784163565005;937.3650750317324;876.4070621345869;935.0002926353513;934.9392882783409;617.8509316721244;618.2138465024539
50%;2124.0980051642105;2096.7497496075366;2089.0293838293474;2152.665702059143;2094.5819043922156;1281.9156312967825;1281.4449783048562
75%;4164.620464555529;4047.881504373424;4066.1058148780166;4236.2009444982605;4106.49292915474;2201.8716199983855;2202.343683022937
max;14159.509018128883;14607.543472908123;13918.205655126789;14630.78532823641;13878.704593528577;6728.744457418;6730.827514345619
