;Err_exog;Err_noreg;Err_LinReg
count;96.0;96.0;96.0
mean;3367.3262069638536;2999.928987309982;1380.1034152695631
std;2808.643414058918;2501.753071246909;1157.418730281422
min;41.22593543173298;17.68434752353278;22.38218488111079
25%;1115.495438929724;976.8268372962709;586.9977193550261
50%;2401.5617133300866;2523.501891247316;1135.467656866085
75%;5558.570509849095;4725.783332997468;1725.3946632506156
max;11566.321970281684;10745.264976826775;5813.929722816467
