;Err_sinus;Err_exog;Err_exog_filter;Err_filter_noreg;Err_filter_exog_filter;Err_LinReg;Err_LinReg_filter
count;670.0;670.0;670.0;670.0;670.0;670.0;670.0
mean;1655.0329038739708;1660.875875965664;1661.0081475767738;1601.4942027655256;1600.9389627358705;1751.1801331888328;1751.187974502047
std;1142.8645891946383;1143.1147339258134;1143.3021343373446;1117.6934889542651;1117.7689837181115;1212.6258468245046;1212.031160440167
min;0.6790222781630552;6.045886336584483;3.5056972881737316;6.4590412532444414;3.480563915633204;1.457546483619269;0.22591544018914367
25%;794.2561846166067;804.6677486426313;795.3950870101414;730.3551946649177;734.057253596834;777.6071965090962;774.7633085541802
50%;1396.5334536971473;1412.5326008829804;1413.0728334028754;1406.172580897353;1403.1486311628282;1534.4177323306872;1533.9799968142677
75%;2323.0404968402618;2324.964459259722;2323.3177062956106;2265.68696524143;2261.7736693255315;2633.929829710971;2621.6246327103986
max;5907.049961156078;5890.11117880994;5898.087529525866;5695.413204331929;5703.19113027931;6112.8082349009655;6116.7389556587505
